,TerritoryCodes,YearMonth,Year,InvoiceAmt
0,Central/E.Anglia,20113,2011,55064.96
20,EU INV,20113,2011,6879.71
71,Non EU,20113,2011,220568.38
61,London,20113,2011,7376.9400000000005
50,House Account,20113,2011,1113.27
40,East Midlands,20113,2011,42961.34
91,North East/Yorkshire,20113,2011,6087.24
81,North East,20113,2011,28619.34
198,none,20113,2011,2471.07
188,West Midlands (West),20113,2011,57371.39
111,North West (South),20113,2011,1933.7
101,North West,20113,2011,47576.14
158,South East/London,20113,2011,62567.39
168,South West,20113,2011,36762.26
128,Scotland,20113,2011,11126.369999999999
178,West Midlands (East),20113,2011,61714.27
138,Scotland Depot,20113,2011,0.0
148,South Coast,20113,2011,40510.35
30,East Anglia,20113,2011,21476.39
10,EU,20113,2011,52339.979999999996
1,Central/E.Anglia,20114,2011,22835.06
102,North West,20114,2011,39591.92
189,West Midlands (West),20114,2011,14338.29
112,North West (South),20114,2011,1320.04
82,North East,20114,2011,9951.86
92,North East/Yorkshire,20114,2011,9535.199999999999
60,Ireland,20114,2011,1830.28
51,House Account,20114,2011,416.3
21,EU INV,20114,2011,10771.35
41,East Midlands,20114,2011,25676.27
62,London,20114,2011,8277.2
72,Non EU,20114,2011,318679.86
129,Scotland,20114,2011,13325.35
159,South East/London,20114,2011,29036.32
179,West Midlands (East),20114,2011,66833.77
169,South West,20114,2011,17176.8
31,East Anglia,20114,2011,8167.93
139,Scotland Depot,20114,2011,324.0
11,EU,20114,2011,5516.73
149,South Coast,20114,2011,35253.6
140,Scotland Depot,20115,2011,0.0
12,EU,20115,2011,45620.06
32,East Anglia,20115,2011,11935.38
150,South Coast,20115,2011,27165.73
180,West Midlands (East),20115,2011,60316.42
113,North West (South),20115,2011,1055.78
160,South East/London,20115,2011,40435.24
170,South West,20115,2011,17867.07
83,North East,20115,2011,18750.38
103,North West,20115,2011,30879.15
22,EU INV,20115,2011,14458.26
93,North East/Yorkshire,20115,2011,5097.43
190,West Midlands (West),20115,2011,26884.41
73,Non EU,20115,2011,272388.48
2,Central/E.Anglia,20115,2011,44811.61
130,Scotland,20115,2011,11542.42
52,House Account,20115,2011,991.06
42,East Midlands,20115,2011,24423.67
63,London,20115,2011,11441.03
191,West Midlands (West),20116,2011,36297.62
84,North East,20116,2011,21985.2
104,North West,20116,2011,45932.0
199,none,20116,2011,3233.95
94,North East/Yorkshire,20116,2011,13415.16
13,EU,20116,2011,47624.71
53,House Account,20116,2011,700.0
141,Scotland Depot,20116,2011,0.0
43,East Midlands,20116,2011,26870.84
3,Central/E.Anglia,20116,2011,41228.229999999996
23,EU INV,20116,2011,24258.24
74,Non EU,20116,2011,383688.31
64,London,20116,2011,14505.96
181,West Midlands (East),20116,2011,74942.12
151,South Coast,20116,2011,34324.84
161,South East/London,20116,2011,30982.1
131,Scotland,20116,2011,11836.66
33,East Anglia,20116,2011,12280.72
171,South West,20116,2011,23150.46
121,Northern Ireland,20116,2011,501.5
114,North West (South),20116,2011,504.0
24,EU INV,20117,2011,34722.65
65,London,20117,2011,12191.4
54,House Account,20117,2011,335.0
172,South West,20117,2011,19836.350000000002
14,EU,20117,2011,14520.53
34,East Anglia,20117,2011,10937.79
122,Northern Ireland,20117,2011,2928.64
132,Scotland,20117,2011,10463.81
182,West Midlands (East),20117,2011,45756.13
192,West Midlands (West),20117,2011,27737.47
85,North East,20117,2011,13370.12
4,Central/E.Anglia,20117,2011,61200.25
75,Non EU,20117,2011,212530.37
44,East Midlands,20117,2011,25548.2
95,North East/Yorkshire,20117,2011,8647.85
105,North West,20117,2011,70477.8
115,North West (South),20117,2011,1304.76
152,South Coast,20117,2011,43255.76
162,South East/London,20117,2011,79503.64
142,Scotland Depot,20117,2011,0.0
86,North East,20118,2011,12158.48
76,Non EU,20118,2011,374587.27
55,House Account,20118,2011,322.27
45,East Midlands,20118,2011,33023.55
106,North West,20118,2011,38279.36
96,North East/Yorkshire,20118,2011,6115.259999999999
193,West Midlands (West),20118,2011,29083.43
183,West Midlands (East),20118,2011,77580.91
123,Northern Ireland,20118,2011,3068.42
116,North West (South),20118,2011,671.51
173,South West,20118,2011,28421.66
153,South Coast,20118,2011,35445.24
133,Scotland,20118,2011,10394.53
163,South East/London,20118,2011,69588.11
143,Scotland Depot,20118,2011,0.0
66,London,20118,2011,9196.83
25,EU INV,20118,2011,6382.36
5,Central/E.Anglia,20118,2011,25291.89
35,East Anglia,20118,2011,12667.89
15,EU,20118,2011,13377.279999999999
16,EU,20119,2011,36080.01
6,Central/E.Anglia,20119,2011,21801.510000000002
36,East Anglia,20119,2011,12322.449999999999
26,EU INV,20119,2011,11084.91
154,South Coast,20119,2011,28009.6
164,South East/London,20119,2011,40769.05
134,Scotland,20119,2011,18464.29
144,Scotland Depot,20119,2011,0.0
174,South West,20119,2011,16563.03
124,Northern Ireland,20119,2011,1169.8
194,West Midlands (West),20119,2011,35386.17
107,North West,20119,2011,44413.24
184,West Midlands (East),20119,2011,71657.88
117,North West (South),20119,2011,415.74
97,North East/Yorkshire,20119,2011,2348.46
200,none,20119,2011,396.85
67,London,20119,2011,7480.26
87,North East,20119,2011,20069.0
46,East Midlands,20119,2011,27264.78
77,Non EU,20119,2011,343931.63
56,House Account,20119,2011,799.85
386,South East/London,20121,2012,38029.82
434,none,20121,2012,700.0
213,EU,20121,2012,28669.670000000002
225,EU INV,20121,2012,4796.71
261,House Account,20121,2012,1345.7
333,North West (South),20121,2012,3067.0699999999997
374,South Coast,20121,2012,41707.44
353,Scotland,20121,2012,4189.2
321,North West,20121,2012,39546.72
344,Northern Ireland,20121,2012,1817.35
249,East Midlands,20121,2012,35092.27
273,London,20121,2012,393.59
297,North East,20121,2012,16351.26
285,Non EU,20121,2012,240025.48
237,East Anglia,20121,2012,19225.52
201,Central/E.Anglia,20121,2012,32098.77
309,North East/Yorkshire,20121,2012,5263.62
410,West Midlands (East),20121,2012,63433.52
398,South West,20121,2012,24027.92
422,West Midlands (West),20121,2012,27665.260000000002
365,Scotland Depot,20121,2012,0.0
366,Scotland Depot,20122,2012,0.0
226,EU INV,20122,2012,5433.09
262,House Account,20122,2012,4602.32
238,East Anglia,20122,2012,35255.88
354,Scotland,20122,2012,8234.33
399,South West,20122,2012,11146.8
286,Non EU,20122,2012,348243.06
274,London,20122,2012,189.75
298,North East,20122,2012,12233.96
310,North East/Yorkshire,20122,2012,6486.900000000001
411,West Midlands (East),20122,2012,73961.7
435,none,20122,2012,166.81
202,Central/E.Anglia,20122,2012,37751.21
214,EU,20122,2012,60406.57
375,South Coast,20122,2012,44305.94
423,West Midlands (West),20122,2012,31910.4
334,North West (South),20122,2012,2170.8399999999997
250,East Midlands,20122,2012,20711.49
322,North West,20122,2012,68692.19
387,South East/London,20122,2012,48370.65
323,North West,20123,2012,39405.9
227,EU INV,20123,2012,9811.91
215,EU,20123,2012,24970.42
251,East Midlands,20123,2012,56905.68
388,South East/London,20123,2012,55908.87
436,none,20123,2012,1718.36
376,South Coast,20123,2012,39530.72
203,Central/E.Anglia,20123,2012,27992.52
239,East Anglia,20123,2012,37959.33
355,Scotland,20123,2012,8409.72
263,House Account,20123,2012,528.6
311,North East/Yorkshire,20123,2012,8282.07
400,South West,20123,2012,18717.85
412,West Midlands (East),20123,2012,84163.06
275,London,20123,2012,584.15
299,North East,20123,2012,21114.84
287,Non EU,20123,2012,163370.6
335,North West (South),20123,2012,1031.18
424,West Midlands (West),20123,2012,73117.37
367,Scotland Depot,20123,2012,0.0
336,North West (South),20124,2012,1997.04
228,EU INV,20124,2012,10842.73
240,East Anglia,20124,2012,39531.96
356,Scotland,20124,2012,10067.61
324,North West,20124,2012,54565.94
264,House Account,20124,2012,2296.29
216,EU,20124,2012,14958.02
425,West Midlands (West),20124,2012,25517.99
252,East Midlands,20124,2012,41704.02
389,South East/London,20124,2012,69058.61
368,Scotland Depot,20124,2012,0.0
377,South Coast,20124,2012,32831.78
204,Central/E.Anglia,20124,2012,37915.65
437,none,20124,2012,208.6
413,West Midlands (East),20124,2012,39981.24
276,London,20124,2012,551.29
300,North East,20124,2012,30788.71
288,Non EU,20124,2012,424613.93
401,South West,20124,2012,29150.15
312,North East/Yorkshire,20124,2012,5394.66
301,North East,20125,2012,20345.7
337,North West (South),20125,2012,882.66
313,North East/Yorkshire,20125,2012,10576.27
357,Scotland,20125,2012,8672.4
241,East Anglia,20125,2012,59203.29
325,North West,20125,2012,32115.2
265,House Account,20125,2012,734.6
253,East Midlands,20125,2012,52956.7
229,EU INV,20125,2012,7765.22
414,West Midlands (East),20125,2012,57106.37
438,none,20125,2012,37.8
390,South East/London,20125,2012,58145.090000000004
345,Northern Ireland,20125,2012,190.48
205,Central/E.Anglia,20125,2012,35163.48
369,Scotland Depot,20125,2012,0.0
378,South Coast,20125,2012,59984.58
426,West Midlands (West),20125,2012,36970.67
217,EU,20125,2012,29967.86
402,South West,20125,2012,15019.16
289,Non EU,20125,2012,320429.29
277,London,20125,2012,500.0
326,North West,20126,2012,65870.97
415,West Midlands (East),20126,2012,60798.53
427,West Midlands (West),20126,2012,23713.7
379,South Coast,20126,2012,27853.99
370,Scotland Depot,20126,2012,0.0
266,House Account,20126,2012,38.83
391,South East/London,20126,2012,50771.47
206,Central/E.Anglia,20126,2012,35097.87
290,Non EU,20126,2012,549798.4
314,North East/Yorkshire,20126,2012,12961.36
278,London,20126,2012,157.73
403,South West,20126,2012,16259.03
302,North East,20126,2012,22505.69
358,Scotland,20126,2012,7394.71
338,North West (South),20126,2012,511.06
242,East Anglia,20126,2012,74103.78
346,Northern Ireland,20126,2012,1708.88
254,East Midlands,20126,2012,18535.12
218,EU,20126,2012,56532.44
230,EU INV,20126,2012,22039.31
392,South East/London,20127,2012,83124.06
207,Central/E.Anglia,20127,2012,33692.44
380,South Coast,20127,2012,57130.119999999995
416,West Midlands (East),20127,2012,50943.21
439,none,20127,2012,715.06
255,East Midlands,20127,2012,23621.29
267,House Account,20127,2012,372.4
219,EU,20127,2012,30723.190000000002
428,West Midlands (West),20127,2012,23432.11
359,Scotland,20127,2012,11505.91
404,South West,20127,2012,15336.76
315,North East/Yorkshire,20127,2012,3932.99
291,Non EU,20127,2012,262053.11
231,EU INV,20127,2012,8682.08
243,East Anglia,20127,2012,51843.39
347,Northern Ireland,20127,2012,1954.3799999999999
327,North West,20127,2012,56689.86
279,London,20127,2012,307.9
339,North West (South),20127,2012,4453.18
303,North East,20127,2012,19718.42
220,EU,20128,2012,44164.22
316,North East/Yorkshire,20128,2012,8259.220000000001
328,North West,20128,2012,32674.940000000002
256,East Midlands,20128,2012,26580.88
232,EU INV,20128,2012,6863.29
429,West Midlands (West),20128,2012,15013.25
417,West Midlands (East),20128,2012,61423.69
381,South Coast,20128,2012,47234.82
208,Central/E.Anglia,20128,2012,42932.770000000004
348,Northern Ireland,20128,2012,2184.76
360,Scotland,20128,2012,6844.2
244,East Anglia,20128,2012,57968.02
280,London,20128,2012,4120.62
304,North East,20128,2012,45732.46
268,House Account,20128,2012,1863.79
340,North West (South),20128,2012,11619.64
292,Non EU,20128,2012,159281.42
405,South West,20128,2012,18789.74
393,South East/London,20128,2012,55093.09
305,North East,20129,2012,19865.38
293,Non EU,20129,2012,492085.0
281,London,20129,2012,731.5999999999999
269,House Account,20129,2012,15465.72
317,North East/Yorkshire,20129,2012,12054.49
341,North West (South),20129,2012,1381.02
329,North West,20129,2012,100367.93000000001
221,EU,20129,2012,40630.82
361,Scotland,20129,2012,5734.87
209,Central/E.Anglia,20129,2012,26765.35
257,East Midlands,20129,2012,28903.32
245,East Anglia,20129,2012,22778.94
233,EU INV,20129,2012,12070.25
349,Northern Ireland,20129,2012,2899.48
371,Scotland Depot,20129,2012,0.0
382,South Coast,20129,2012,38388.73
394,South East/London,20129,2012,81493.28
430,West Midlands (West),20129,2012,21323.4
418,West Midlands (East),20129,2012,47093.49
406,South West,20129,2012,16803.03
528,Non EU,20131,2013,283334.16
494,East Midlands,20131,2013,24644.77
552,North East/Yorkshire,20131,2013,9540.01
518,London,20131,2013,419.76
591,Scotland,20131,2013,12785.7
607,South Coast,20131,2013,36502.31
453,EU,20131,2013,37329.7
564,North West,20131,2013,40365.71
506,House Account,20131,2013,1217.76
540,North East,20131,2013,17881.01
470,EU INV,20131,2013,7820.67
482,East Anglia,20131,2013,52741.35
631,South West,20131,2013,49793.87
603,Scotland Depot,20131,2013,0.0
619,South East/London,20131,2013,25157.83
441,Central/E.Anglia,20131,2013,23080.7
667,none,20131,2013,864.32
655,West Midlands (West),20131,2013,23993.56
643,West Midlands (East),20131,2013,52795.0
553,North East/Yorkshire,20132,2013,15804.78
620,South East/London,20132,2013,21021.78
656,West Midlands (West),20132,2013,28325.56
644,West Midlands (East),20132,2013,50130.39
592,Scotland,20132,2013,11611.36
565,North West,20132,2013,49602.54
604,Scotland Depot,20132,2013,0.0
608,South Coast,20132,2013,44116.72
632,South West,20132,2013,51533.53
442,Central/E.Anglia,20132,2013,32713.57
519,London,20132,2013,2210.38
507,House Account,20132,2013,882.64
471,EU INV,20132,2013,3273.6099999999997
495,East Midlands,20132,2013,28649.33
454,EU,20132,2013,18123.82
584,Northern Ireland,20132,2013,93.89
576,North West (South),20132,2013,102.1
529,Non EU,20132,2013,297079.87
541,North East,20132,2013,23707.01
483,East Anglia,20132,2013,61080.16
496,East Midlands,20133,2013,43905.5
508,House Account,20133,2013,234.0
554,North East/Yorkshire,20133,2013,10070.210000000001
577,North West (South),20133,2013,0.0
530,Non EU,20133,2013,448355.7
657,West Midlands (West),20133,2013,64654.88
621,South East/London,20133,2013,29917.73
645,West Midlands (East),20133,2013,36396.89
593,Scotland,20133,2013,9210.8
633,South West,20133,2013,24376.89
455,EU,20133,2013,47725.69
484,East Anglia,20133,2013,38876.67
472,EU INV,20133,2013,2869.26
465,EU - OTHER  EUROPE,20133,2013,1463.95
542,North East,20133,2013,29051.7
605,Scotland Depot,20133,2013,0.0
566,North West,20133,2013,43125.21
609,South Coast,20133,2013,34097.85
443,Central/E.Anglia,20133,2013,29167.68
658,West Midlands (West),20134,2013,54679.69
585,Northern Ireland,20134,2013,846.0
456,EU,20134,2013,29563.45
473,EU INV,20134,2013,6076.14
509,House Account,20134,2013,243.87
485,East Anglia,20134,2013,43995.55
497,East Midlands,20134,2013,33094.88
634,South West,20134,2013,18166.61
567,North West,20134,2013,32443.25
622,South East/London,20134,2013,40965.590000000004
444,Central/E.Anglia,20134,2013,53407.44
594,Scotland,20134,2013,7882.36
543,North East,20134,2013,23832.64
466,EU - OTHER  EUROPE,20134,2013,158.42000000000002
531,Non EU,20134,2013,333066.28
520,London,20134,2013,929.26
555,North East/Yorkshire,20134,2013,11469.529999999999
578,North West (South),20134,2013,397.6
610,South Coast,20134,2013,30143.42
646,West Midlands (East),20134,2013,44085.45
556,North East/Yorkshire,20135,2013,13876.91
532,Non EU,20135,2013,442458.0
486,East Anglia,20135,2013,25605.12
467,EU - OTHER  EUROPE,20135,2013,1414.9
457,EU,20135,2013,20215.03
510,House Account,20135,2013,2034.16
474,EU INV,20135,2013,2610.04
498,East Midlands,20135,2013,29371.62
521,London,20135,2013,1287.3600000000001
544,North East,20135,2013,30096.71
595,Scotland,20135,2013,17567.8
568,North West,20135,2013,22682.57
611,South Coast,20135,2013,34431.84
445,Central/E.Anglia,20135,2013,25887.55
623,South East/London,20135,2013,34798.7
606,Scotland Depot,20135,2013,0.0
647,West Midlands (East),20135,2013,47210.26
635,South West,20135,2013,22692.2
659,West Midlands (West),20135,2013,36959.96
668,none,20135,2013,303.1
446,Central/E.Anglia,20136,2013,37520.92
475,EU INV,20136,2013,5301.44
660,West Midlands (West),20136,2013,20837.06
669,none,20136,2013,484.96
636,South West,20136,2013,27444.11
499,East Midlands,20136,2013,18441.36
624,South East/London,20136,2013,28412.45
648,West Midlands (East),20136,2013,41602.07
586,Northern Ireland,20136,2013,2000.46
522,London,20136,2013,101.13
596,Scotland,20136,2013,12677.15
569,North West,20136,2013,28054.579999999998
487,East Anglia,20136,2013,13331.39
511,House Account,20136,2013,412.90000000000003
612,South Coast,20136,2013,30059.16
557,North East/Yorkshire,20136,2013,11550.47
458,EU,20136,2013,34461.520000000004
533,Non EU,20136,2013,536655.62
545,North East,20136,2013,20169.329999999998
512,House Account,20137,2013,0.0
488,East Anglia,20137,2013,42102.51
570,North West,20137,2013,42183.93
613,South Coast,20137,2013,26124.25
587,Northern Ireland,20137,2013,2684.44
661,West Midlands (West),20137,2013,15695.28
637,South West,20137,2013,48587.29
500,East Midlands,20137,2013,23446.81
579,North West (South),20137,2013,1042.23
546,North East,20137,2013,35957.7
597,Scotland,20137,2013,11239.37
523,London,20137,2013,969.72
625,South East/London,20137,2013,48034.65
558,North East/Yorkshire,20137,2013,6378.01
468,EU - OTHER  EUROPE,20137,2013,126.2
459,EU,20137,2013,34272.34
534,Non EU,20137,2013,371658.94
476,EU INV,20137,2013,5763.27
649,West Midlands (East),20137,2013,34823.16
447,Central/E.Anglia,20137,2013,54205.73
489,East Anglia,20138,2013,60847.5
598,Scotland,20138,2013,2770.55
559,North East/Yorkshire,20138,2013,16001.66
524,London,20138,2013,13697.52
547,North East,20138,2013,23280.78
571,North West,20138,2013,25011.920000000002
513,House Account,20138,2013,1915.52
588,Northern Ireland,20138,2013,846.0
614,South Coast,20138,2013,30127.59
650,West Midlands (East),20138,2013,28490.06
662,West Midlands (West),20138,2013,37124.76
501,East Midlands,20138,2013,20045.46
477,EU INV,20138,2013,31460.0
638,South West,20138,2013,28967.579999999998
460,EU,20138,2013,79356.6
448,Central/E.Anglia,20138,2013,59358.770000000004
535,Non EU,20138,2013,246436.15
580,North West (South),20138,2013,13.5
626,South East/London,20138,2013,52982.89
615,South Coast,20139,2013,44465.92
639,South West,20139,2013,23413.75
449,Central/E.Anglia,20139,2013,21660.65
581,North West (South),20139,2013,656.8399999999999
627,South East/London,20139,2013,62734.67
651,West Midlands (East),20139,2013,25543.48
560,North East/Yorkshire,20139,2013,9093.67
572,North West,20139,2013,43188.85
548,North East,20139,2013,22295.0
599,Scotland,20139,2013,4860.62
514,House Account,20139,2013,46.8
502,East Midlands,20139,2013,25126.59
525,London,20139,2013,2079.04
589,Northern Ireland,20139,2013,1300.2
490,East Anglia,20139,2013,50996.66
663,West Midlands (West),20139,2013,30210.6
478,EU INV,20139,2013,3276.34
536,Non EU,20139,2013,487442.35
461,EU,20139,2013,10558.8
832,Scotland,20141,2014,10323.97
700,EU INV,20141,2014,3069.73
844,South Coast,20141,2014,37115.3
822,North West (South),20141,2014,603.1899999999999
734,House Account,20141,2014,235.0
905,West Midlands (West),20141,2014,33042.2
774,Non EU,20141,2014,286233.26
722,East Midlands,20141,2014,22316.4
746,London,20141,2014,287.04
798,North East/Yorkshire,20141,2014,24996.07
810,North West,20141,2014,53803.75
786,North East,20141,2014,29317.4
694,EU - OTHER  EUROPE,20141,2014,1414.9
670,Central/E.Anglia,20141,2014,19787.37
877,South West,20141,2014,13903.53
893,West Midlands (East),20141,2014,57351.44
865,South East/London,20141,2014,34888.51
682,EU,20141,2014,18996.17
712,East Anglia,20141,2014,48677.75
906,West Midlands (West),20142,2014,20701.18
723,East Midlands,20142,2014,27177.84
811,North West,20142,2014,81663.15
775,Non EU,20142,2014,289855.22
889,West Midlands,20142,2014,388.2
799,North East/Yorkshire,20142,2014,10264.16
695,EU - OTHER  EUROPE,20142,2014,1414.9
747,London,20142,2014,10179.560000000001
833,Scotland,20142,2014,5638.0
735,House Account,20142,2014,282.0
823,North West (South),20142,2014,253.12
845,South Coast,20142,2014,28917.08
701,EU INV,20142,2014,5650.54
683,EU,20142,2014,35343.08
866,South East/London,20142,2014,15405.84
894,West Midlands (East),20142,2014,36430.13
878,South West,20142,2014,28642.82
713,East Anglia,20142,2014,25384.46
787,North East,20142,2014,26718.21
671,Central/E.Anglia,20142,2014,30927.16
776,Non EU,20143,2014,370106.70999999996
907,West Midlands (West),20143,2014,12793.4
736,House Account,20143,2014,0.0
824,North West (South),20143,2014,54.8
879,South West,20143,2014,21507.62
672,Central/E.Anglia,20143,2014,20050.13
684,EU,20143,2014,8818.93
788,North East,20143,2014,50541.61
714,East Anglia,20143,2014,34517.01
748,London,20143,2014,7584.16
800,North East/Yorkshire,20143,2014,12420.14
895,West Midlands (East),20143,2014,18827.02
834,Scotland,20143,2014,9284.68
846,South Coast,20143,2014,36599.99
702,EU INV,20143,2014,1190.56
812,North West,20143,2014,96504.38
867,South East/London,20143,2014,18973.67
724,East Midlands,20143,2014,31334.09
813,North West,20144,2014,102586.49
715,East Anglia,20144,2014,25454.12
749,London,20144,2014,1804.74
847,South Coast,20144,2014,35331.97
725,East Midlands,20144,2014,34467.200000000004
789,North East,20144,2014,39082.94
737,House Account,20144,2014,859.34
825,North West (South),20144,2014,13.5
880,South West,20144,2014,22590.66
703,EU INV,20144,2014,2585.2000000000003
777,Non EU,20144,2014,224100.83
673,Central/E.Anglia,20144,2014,17323.18
856,South East,20144,2014,93.65
868,South East/London,20144,2014,36425.31
758,Midlands,20144,2014,5027.5
685,EU,20144,2014,56039.05
801,North East/Yorkshire,20144,2014,12629.43
835,Scotland,20144,2014,4065.32
908,West Midlands (West),20144,2014,13540.39
896,West Midlands (East),20144,2014,44563.71
857,South East,20145,2014,1045.05
848,South Coast,20145,2014,46302.42
674,Central/E.Anglia,20145,2014,29047.07
704,EU INV,20145,2014,560.39
790,North East,20145,2014,40003.840000000004
750,London,20145,2014,3683.89
802,North East/Yorkshire,20145,2014,11158.72
836,Scotland,20145,2014,2517.0
778,Non EU,20145,2014,315248.45999999996
716,East Anglia,20145,2014,45176.71
897,West Midlands (East),20145,2014,42955.44
726,East Midlands,20145,2014,15475.67
814,North West,20145,2014,66558.42
909,West Midlands (West),20145,2014,6146.67
881,South West,20145,2014,9368.07
759,Midlands,20145,2014,16268.710000000001
869,South East/London,20145,2014,32447.59
686,EU,20145,2014,30911.32
890,West Midlands,20145,2014,779.13
738,House Account,20145,2014,247.74
898,West Midlands (East),20146,2014,22517.21
803,North East/Yorkshire,20146,2014,7831.63
751,London,20146,2014,2459.04
815,North West,20146,2014,129921.87000000001
727,East Midlands,20146,2014,15508.56
717,East Anglia,20146,2014,37336.87
791,North East,20146,2014,25733.91
910,West Midlands (West),20146,2014,22021.56
826,Northern Ireland,20146,2014,944.2
675,Central/E.Anglia,20146,2014,16795.68
767,Midlands (South West),20146,2014,9205.66
779,Non EU,20146,2014,194880.08
739,House Account,20146,2014,0.0
696,EU - OTHER  EUROPE,20146,2014,1414.9
837,Scotland,20146,2014,7438.66
870,South East/London,20146,2014,80430.01
891,West Midlands,20146,2014,329.07
882,South West,20146,2014,35479.46
687,EU,20146,2014,54648.100000000006
705,EU INV,20146,2014,2654.5299999999997
849,South Coast,20146,2014,38203.31
760,Midlands,20146,2014,10071.08
858,South East,20146,2014,13871.09
740,House Account,20147,2014,766.06
728,East Midlands,20147,2014,12685.97
768,Midlands (South West),20147,2014,10378.16
718,East Anglia,20147,2014,36439.22
883,South West,20147,2014,12484.779999999999
752,London,20147,2014,526.96
804,North East/Yorkshire,20147,2014,7764.93
899,West Midlands (East),20147,2014,5621.51
761,Midlands,20147,2014,32626.829999999998
859,South East,20147,2014,11279.63
892,West Midlands,20147,2014,31.759999999999998
871,South East/London,20147,2014,28866.93
676,Central/E.Anglia,20147,2014,19390.73
850,South Coast,20147,2014,45846.24
688,EU,20147,2014,6799.15
706,EU INV,20147,2014,3230.34
911,West Midlands (West),20147,2014,6457.99
816,North West,20147,2014,58299.78
780,Non EU,20147,2014,307823.88
838,Scotland,20147,2014,10222.76
792,North East,20147,2014,38685.369999999995
762,Midlands,20148,2014,57546.53
827,Northern Ireland,20148,2014,65.0
697,EU - OTHER  EUROPE,20148,2014,2829.8
741,House Account,20148,2014,44.61
729,East Midlands,20148,2014,714.02
781,Non EU,20148,2014,278253.28
753,London,20148,2014,261.6
817,North West,20148,2014,126521.90000000001
839,Scotland,20148,2014,6386.52
872,South East/London,20148,2014,25346.030000000002
860,South East,20148,2014,15838.86
851,South Coast,20148,2014,40263.64
677,Central/E.Anglia,20148,2014,19696.85
884,South West,20148,2014,18369.97
912,West Midlands (West),20148,2014,2211.76
769,Midlands (South West),20148,2014,11407.79
793,North East,20148,2014,31380.989999999998
900,West Midlands (East),20148,2014,648.55
805,North East/Yorkshire,20148,2014,8855.5
689,EU,20148,2014,60454.16
707,EU INV,20148,2014,2271.73
678,Central/E.Anglia,20149,2014,14259.16
852,South Coast,20149,2014,45950.25
885,South West,20149,2014,25654.54
840,Scotland,20149,2014,6612.58
763,Midlands,20149,2014,41500.27
828,Northern Ireland,20149,2014,35.0
806,North East/Yorkshire,20149,2014,6310.12
913,West Midlands (West),20149,2014,407.03999999999996
770,Midlands (South West),20149,2014,22864.37
708,EU INV,20149,2014,4076.26
698,EU - OTHER  EUROPE,20149,2014,3241.5
794,North East,20149,2014,29627.16
742,House Account,20149,2014,667.5
754,London,20149,2014,0.0
730,East Midlands,20149,2014,842.1300000000001
782,Non EU,20149,2014,433558.39
818,North West,20149,2014,41665.4
901,West Midlands (East),20149,2014,475.67
861,South East,20149,2014,29101.17
873,South East/London,20149,2014,22160.34
690,EU,20149,2014,30417.350000000002
1130,South West,20151,2015,10388.029999999999
1118,South East/London,20151,2015,19738.59
1156,West Midlands (West),20151,2015,641.25
945,EU INV,20151,2015,3217.62
1057,North East/Yorkshire,20151,2015,7910.79
929,EU,20151,2015,8170.8
1144,West Midlands (East),20151,2015,137.65
1142,Southern Ireland,20151,2015,73.95
1069,North West,20151,2015,66585.17
991,Midlands,20151,2015,48936.86
968,House Account,20151,2015,364.15000000000003
1100,South Coast,20151,2015,33189.09
1081,Northern Ireland,20151,2015,789.72
1045,North East,20151,2015,31212.99
980,London,20151,2015,371.88
917,Central/E.Anglia,20151,2015,15634.1
1088,Scotland,20151,2015,4487.42
1002,Midlands (South West),20151,2015,35333.8
1024,Non EU,20151,2015,429719.78
1112,South East,20151,2015,32224.27
1101,South Coast,20152,2015,38695.56
1003,Midlands (South West),20152,2015,19754.96
981,London,20152,2015,966.62
941,EU - OTHER  EUROPE,20152,2015,1236.47
1082,Northern Ireland,20152,2015,1250.4
918,Central/E.Anglia,20152,2015,8791.13
1145,West Midlands (East),20152,2015,3152.74
1157,West Midlands (West),20152,2015,202.67000000000002
1089,Scotland,20152,2015,6127.35
992,Midlands,20152,2015,56193.31
969,House Account,20152,2015,0.0
946,EU INV,20152,2015,11068.99
1119,South East/London,20152,2015,24350.06
1070,North West,20152,2015,63595.41
1131,South West,20152,2015,5479.2300000000005
930,EU,20152,2015,40230.22
1046,North East,20152,2015,29319.75
960,East Midlands,20152,2015,742.22
1025,Non EU,20152,2015,389441.37
1113,South East,20152,2015,31128.15
1058,North East/Yorkshire,20152,2015,13762.54
1047,North East,20153,2015,31295.04
961,East Midlands,20153,2015,739.1
931,EU,20153,2015,28053.03
919,Central/E.Anglia,20153,2015,12758.59
1158,West Midlands (West),20153,2015,1028.52
1146,West Midlands (East),20153,2015,6568.53
993,Midlands,20153,2015,94879.36
1004,Midlands (South West),20153,2015,17399.46
1071,North West,20153,2015,33125.05
1120,South East/London,20153,2015,34433.97
1132,South West,20153,2015,7793.34
947,EU INV,20153,2015,3990.25
1059,North East/Yorkshire,20153,2015,6077.67
1026,Non EU,20153,2015,344235.14
1114,South East,20153,2015,27849.3
970,House Account,20153,2015,0.0
1090,Scotland,20153,2015,13632.3
1102,South Coast,20153,2015,48323.52
1072,North West,20154,2015,96211.05
1060,North East/Yorkshire,20154,2015,4109.92
982,London,20154,2015,194.11
1133,South West,20154,2015,6469.67
948,EU INV,20154,2015,2524.84
932,EU,20154,2015,21987.81
920,Central/E.Anglia,20154,2015,10997.52
1121,South East/London,20154,2015,14398.67
962,East Midlands,20154,2015,231.55
957,East Anglia,20154,2015,1725.08
1048,North East,20154,2015,13619.529999999999
1103,South Coast,20154,2015,30433.6
1005,Midlands (South West),20154,2015,13797.19
1015,Midlands and West,20154,2015,12435.22
1006,Midlands and East,20154,2015,15413.69
1036,North,20154,2015,29876.66
1027,Non EU,20154,2015,497261.81
971,House Account,20154,2015,18686.29
1115,South East,20154,2015,43423.47
1159,West Midlands (West),20154,2015,2070.08
994,Midlands,20154,2015,41082.62
1147,West Midlands (East),20154,2015,1293.76
1091,Scotland,20154,2015,3295.06
1148,West Midlands (East),20155,2015,1101.89
1160,West Midlands (West),20155,2015,928.7199999999999
949,EU INV,20155,2015,2701.62
1073,North West,20155,2015,47779.4
933,EU,20155,2015,33495.590000000004
1049,North East,20155,2015,12673.84
921,Central/E.Anglia,20155,2015,13952.4
1122,South East/London,20155,2015,24325.64
1061,North East/Yorkshire,20155,2015,20301.800000000003
1092,Scotland,20155,2015,5099.33
1028,Non EU,20155,2015,266934.61
983,London,20155,2015,5496.72
1104,South Coast,20155,2015,33006.49
995,Midlands,20155,2015,1574.42
1134,South West,20155,2015,5845.12
1037,North,20155,2015,67047.25
1007,Midlands and East,20155,2015,60727.55
972,House Account,20155,2015,22841.65
1016,Midlands and West,20155,2015,32308.56
1105,South Coast,20156,2015,38518.34
996,Midlands,20156,2015,10538.95
1135,South West,20156,2015,6950.37
1149,West Midlands (East),20156,2015,95.47
1083,Northern Ireland,20156,2015,3768.81
1062,North East/Yorkshire,20156,2015,15059.42
973,House Account,20156,2015,52474.96
1093,Scotland,20156,2015,3491.2799999999997
950,EU INV,20156,2015,2541.96
1074,North West,20156,2015,17785.72
1050,North East,20156,2015,5406.46
934,EU,20156,2015,44627.59
1123,South East/London,20156,2015,21358.79
963,East Midlands,20156,2015,841.9000000000001
922,Central/E.Anglia,20156,2015,20449.84
942,EU - OTHER  EUROPE,20156,2015,5545.85
1038,North,20156,2015,45767.21
984,London,20156,2015,145.69
1029,Non EU,20156,2015,226151.0
1017,Midlands and West,20156,2015,31024.11
1008,Midlands and East,20156,2015,55076.33
1124,South East/London,20157,2015,26661.55
1075,North West,20157,2015,168086.65
923,Central/E.Anglia,20157,2015,14277.289999999999
1161,West Midlands (West),20157,2015,237.19
1063,North East/Yorkshire,20157,2015,14462.92
1150,West Midlands (East),20157,2015,412.96999999999997
958,East Anglia,20157,2015,168.6
964,East Midlands,20157,2015,321.8
935,EU,20157,2015,30457.18
1116,South East,20157,2015,138.92
997,Midlands,20157,2015,780.58
985,London,20157,2015,46.5
951,EU INV,20157,2015,1909.56
1018,Midlands and West,20157,2015,45026.25
1084,Northern Ireland,20157,2015,746.68
1106,South Coast,20157,2015,35593.42
1136,South West,20157,2015,6723.7
1039,North,20157,2015,66837.31999999999
1030,Non EU,20157,2015,177588.81
1009,Midlands and East,20157,2015,30025.73
1051,North East,20157,2015,8145.68
974,House Account,20157,2015,44353.04
1094,Scotland,20157,2015,5648.16
975,House Account,20158,2015,77248.69
1076,North West,20158,2015,96311.28
998,Midlands,20158,2015,333.1
1125,South East/London,20158,2015,33527.79
986,London,20158,2015,75.47999999999999
1040,North,20158,2015,26465.03
1052,North East,20158,2015,3425.0
1031,Non EU,20158,2015,175922.12
1019,Midlands and West,20158,2015,27267.48
1010,Midlands and East,20158,2015,33619.2
924,Central/E.Anglia,20158,2015,13791.09
965,East Midlands,20158,2015,67.78
952,EU INV,20158,2015,1207.12
1095,Scotland,20158,2015,3464.25
1107,South Coast,20158,2015,30874.02
1137,South West,20158,2015,9715.62
1151,West Midlands (East),20158,2015,106.21
1064,North East/Yorkshire,20158,2015,10106.06
1162,West Midlands (West),20158,2015,96.62
936,EU,20158,2015,27607.72
976,House Account,20159,2015,55464.63
987,London,20159,2015,231.52999999999997
1096,Scotland,20159,2015,6841.22
953,EU INV,20159,2015,6960.05
925,Central/E.Anglia,20159,2015,12925.95
1077,North West,20159,2015,59686.64
1108,South Coast,20159,2015,33398.16
999,Midlands,20159,2015,120.39
1152,West Midlands (East),20159,2015,791.98
1126,South East/London,20159,2015,25981.18
1138,South West,20159,2015,10662.97
1163,West Midlands (West),20159,2015,164.9
1085,Northern Ireland,20159,2015,1139.6799999999998
937,EU,20159,2015,28280.09
1065,North East/Yorkshire,20159,2015,9133.03
1053,North East,20159,2015,20851.87
1020,Midlands and West,20159,2015,33084.76
1032,Non EU,20159,2015,318763.97
1011,Midlands and East,20159,2015,43843.2
1041,North,20159,2015,81928.79
1410,West Midlands (West),20161,2016,152.55
1243,Midlands and East,20161,2016,37368.85
1399,West Midlands (East),20161,2016,887.77
1167,Central/E.Anglia,20161,2016,14723.9
1378,South West,20161,2016,11412.2
1179,EU,20161,2016,7940.48
1394,West Midlands,20161,2016,462.25
1366,South East/London,20161,2016,24142.22
1351,South Coast,20161,2016,27541.75
1291,North East,20161,2016,5480.0
1315,North West,20161,2016,28878.84
1213,House Account,20161,2016,84249.79
1204,East Midlands,20161,2016,284.44
1193,EU INV,20161,2016,4572.55
1327,Northern Ireland,20161,2016,103.1
1337,Scotland,20161,2016,5094.17
1303,North East/Yorkshire,20161,2016,15033.76
1255,Midlands and West,20161,2016,43432.0
1279,North,20161,2016,65958.48
1235,Midlands,20161,2016,1233.0
1267,Non EU,20161,2016,312349.89999999997
1328,Northern Ireland,20162,2016,176.2
1338,Scotland,20162,2016,9160.369999999999
1194,EU INV,20162,2016,827.0999999999999
1292,North East,20162,2016,2584.55
1367,South East/London,20162,2016,34458.7
1379,South West,20162,2016,9083.3
1180,EU,20162,2016,32977.62
1205,East Midlands,20162,2016,289.4
1304,North East/Yorkshire,20162,2016,15274.15
1214,House Account,20162,2016,55569.69
1316,North West,20162,2016,99423.28
1236,Midlands,20162,2016,1640.1
1225,London,20162,2016,137.45999999999998
1256,Midlands and West,20162,2016,38286.38
1280,North,20162,2016,47856.409999999996
1400,West Midlands (East),20162,2016,2492.62
1244,Midlands and East,20162,2016,30016.71
1168,Central/E.Anglia,20162,2016,9439.86
1268,Non EU,20162,2016,131355.4
1352,South Coast,20162,2016,36075.72
1169,Central/E.Anglia,20163,2016,10739.65
1368,South East/London,20163,2016,54232.87
1401,West Midlands (East),20163,2016,33.11
1380,South West,20163,2016,8159.77
1181,EU,20163,2016,7396.19
1353,South Coast,20163,2016,41805.33
1395,West Midlands,20163,2016,455.48
1245,Midlands and East,20163,2016,29641.43
1206,East Midlands,20163,2016,746.0
1237,Midlands,20163,2016,601.95
1257,Midlands and West,20163,2016,41116.36
1226,London,20163,2016,39.5
1269,Non EU,20163,2016,124784.64
1281,North,20163,2016,64971.52
1329,Northern Ireland,20163,2016,316.22
1339,Scotland,20163,2016,4319.59
1195,EU INV,20163,2016,1519.87
1293,North East,20163,2016,2692.35
1305,North East/Yorkshire,20163,2016,10230.8
1215,House Account,20163,2016,130016.92
1191,EU - OTHER  EUROPE,20163,2016,1414.9
1317,North West,20163,2016,38930.08
1396,West Midlands,20164,2016,517.72
1294,North East,20164,2016,136.89
1207,East Midlands,20164,2016,664.4
1340,Scotland,20164,2016,4062.81
1182,EU,20164,2016,56642.77
1306,North East/Yorkshire,20164,2016,32000.14
1216,House Account,20164,2016,75930.72
1330,Northern Ireland,20164,2016,43.06
1196,EU INV,20164,2016,1885.8200000000002
1390,UK Projects,20164,2016,328.4
1369,South East/London,20164,2016,75536.29
1170,Central/E.Anglia,20164,2016,10136.61
1402,West Midlands (East),20164,2016,409.22999999999996
1411,West Midlands (West),20164,2016,331.59
1381,South West,20164,2016,9922.28
1227,London,20164,2016,247.92
1270,Non EU,20164,2016,243859.19
1258,Midlands and West,20164,2016,34291.68
1282,North,20164,2016,80975.66
1318,North West,20164,2016,27893.100000000002
1354,South Coast,20164,2016,30049.55
1246,Midlands and East,20164,2016,34135.04
1319,North West,20165,2016,65011.66
1217,House Account,20165,2016,46540.090000000004
1341,Scotland,20165,2016,2128.7599999999998
1382,South West,20165,2016,6976.95
1171,Central/E.Anglia,20165,2016,6019.08
1370,South East/London,20165,2016,60761.92
1355,South Coast,20165,2016,43672.64
1183,EU,20165,2016,7580.9800000000005
1247,Midlands and East,20165,2016,20400.15
1307,North East/Yorkshire,20165,2016,5445.14
1331,Northern Ireland,20165,2016,1404.3
1403,West Midlands (East),20165,2016,412.34
1228,London,20165,2016,528.96
1283,North,20165,2016,63372.5
1238,Midlands,20165,2016,165.66
1271,Non EU,20165,2016,249042.58000000002
1259,Midlands and West,20165,2016,34298.45
1363,South East,20165,2016,526.77
1197,EU INV,20165,2016,5146.9
1295,North East,20165,2016,3468.01
1184,EU,20166,2016,50104.29
1284,North,20166,2016,54849.47
1229,London,20166,2016,199.44
1239,Midlands,20166,2016,603.98
1272,Non EU,20166,2016,190723.12
1296,North East,20166,2016,2170.96
1260,Midlands and West,20166,2016,60213.1
1208,East Midlands,20166,2016,44.7
1332,Northern Ireland,20166,2016,0.0
1248,Midlands and East,20166,2016,20217.11
1371,South East/London,20166,2016,28638.93
1383,South West,20166,2016,6902.76
1172,Central/E.Anglia,20166,2016,10144.76
1356,South Coast,20166,2016,30385.77
1404,West Midlands (East),20166,2016,79.1
1342,Scotland,20166,2016,7438.83
1308,North East/Yorkshire,20166,2016,5095.71
1198,EU INV,20166,2016,1019.0999999999999
1320,North West,20166,2016,153821.31
1218,House Account,20166,2016,87003.04
1309,North East/Yorkshire,20167,2016,40077.88
1333,Northern Ireland,20167,2016,149.95999999999998
1405,West Midlands (East),20167,2016,218.76
1230,London,20167,2016,324.9
1240,Midlands,20167,2016,17819.010000000002
1261,Midlands and West,20167,2016,26122.96
1173,Central/E.Anglia,20167,2016,5346.21
1249,Midlands and East,20167,2016,19042.24
1185,EU,20167,2016,21742.57
1384,South West,20167,2016,9669.65
1412,West Midlands (West),20167,2016,81.3
1343,Scotland,20167,2016,2419.73
1357,South Coast,20167,2016,55273.89
1199,EU INV,20167,2016,2605.4
1321,North West,20167,2016,27111.89
1219,House Account,20167,2016,71789.49
1285,North,20167,2016,44050.76
1297,North East,20167,2016,2112.37
1273,Non EU,20167,2016,265304.43
1372,South East/London,20167,2016,45617.7
1391,UK Projects,20167,2016,6392.16
1385,South West,20168,2016,4579.62
1310,North East/Yorkshire,20168,2016,28406.67
1200,EU INV,20168,2016,509.55
1334,Northern Ireland,20168,2016,13.5
1344,Scotland,20168,2016,1613.6399999999999
1322,North West,20168,2016,58912.12
1358,South Coast,20168,2016,38518.74
1406,West Midlands (East),20168,2016,99.3
1413,West Midlands (West),20168,2016,272.51
1250,Midlands and East,20168,2016,31411.32
1174,Central/E.Anglia,20168,2016,3329.35
1186,EU,20168,2016,39310.72
1392,UK Projects,20168,2016,203.1
1373,South East/London,20168,2016,57035.62
1286,North,20168,2016,48861.729999999996
1209,East Midlands,20168,2016,481.41999999999996
1220,House Account,20168,2016,37405.340000000004
1298,North East,20168,2016,3422.24
1274,Non EU,20168,2016,191940.03
1231,London,20168,2016,224.25
1262,Midlands and West,20168,2016,46431.93
1241,Midlands,20168,2016,122.47
1359,South Coast,20169,2016,30374.77
1345,Scotland,20169,2016,2620.41
1251,Midlands and East,20169,2016,39175.18
1287,North,20169,2016,49416.03
1299,North East,20169,2016,184.21
1275,Non EU,20169,2016,175663.87
1311,North East/Yorkshire,20169,2016,17290.56
1323,North West,20169,2016,42547.82
1263,Midlands and West,20169,2016,50181.9
1374,South East/London,20169,2016,41643.2
1414,West Midlands (West),20169,2016,0.0
1386,South West,20169,2016,13825.0
1232,London,20169,2016,7747.27
1210,East Midlands,20169,2016,67.44
1221,House Account,20169,2016,52944.67
1407,West Midlands (East),20169,2016,532.5
1187,EU,20169,2016,37733.15
1175,Central/E.Anglia,20169,2016,8843.26
1201,EU INV,20169,2016,6929.16
1418,Central/E.Anglia,20171,2017,13166.22
1610,South East/London,20171,2017,19915.32
1563,Scotland,20171,2017,3086.12
1642,West Midlands,20171,2017,39176.13
1665,West Midlands (West),20171,2017,346.9
1586,South Coast,20171,2017,29347.27
1598,South East,20171,2017,18144.67
1519,North East,20171,2017,18405.01
1469,House Account,20171,2017,66390.59
1543,North West,20171,2017,43551.57
1430,EU,20171,2017,46796.81
1444,EU INV,20171,2017,4018.6
1555,Northern Ireland,20171,2017,86.42
1508,North,20171,2017,2953.66
1531,North East/Yorkshire,20171,2017,29518.29
1496,Non EU,20171,2017,287469.32
1654,West Midlands (East),20171,2017,189.72
1622,South West,20171,2017,5227.1900000000005
1490,Midlands,20171,2017,0.0
1634,Training,20171,2017,0.0
1457,East Midlands,20171,2017,22622.31
1564,Scotland,20172,2017,1342.09
1544,North West,20172,2017,86973.47
1458,East Midlands,20172,2017,18831.67
1532,North East/Yorkshire,20172,2017,10917.4
1509,North,20172,2017,1600.0
1635,Training,20172,2017,0.0
1445,EU INV,20172,2017,2099.65
1497,Non EU,20172,2017,196274.38
1520,North East,20172,2017,13957.76
1470,House Account,20172,2017,94348.58
1419,Central/E.Anglia,20172,2017,11226.51
1575,Services,20172,2017,2583.01
1431,EU,20172,2017,29216.969999999998
1666,West Midlands (West),20172,2017,258.65
1587,South Coast,20172,2017,34126.06
1611,South East/London,20172,2017,13240.18
1655,West Midlands (East),20172,2017,137.99
1623,South West,20172,2017,9390.79
1643,West Midlands,20172,2017,58297.85
1599,South East,20172,2017,14470.47
1432,EU,20173,2017,22000.96
1545,North West,20173,2017,47087.55
1442,EU - OTHER  EUROPE,20173,2017,4.5
1565,Scotland,20173,2017,4365.95
1644,West Midlands,20173,2017,47258.06
1481,London,20173,2017,3936.24
1491,Midlands,20173,2017,57.78
1624,South West,20173,2017,6209.610000000001
1636,Training,20173,2017,0.0
1498,Non EU,20173,2017,279670.58
1612,South East/London,20173,2017,38158.71
1576,Services,20173,2017,622.75
1446,EU INV,20173,2017,2820.01
1471,House Account,20173,2017,83148.02
1510,North,20173,2017,3271.5
1459,East Midlands,20173,2017,20278.25
1521,North East,20173,2017,17584.9
1656,West Midlands (East),20173,2017,460.92
1493,Midlands and West,20173,2017,365.38
1533,North East/Yorkshire,20173,2017,30970.94
1588,South Coast,20173,2017,31658.55
1600,South East,20173,2017,20432.23
1420,Central/E.Anglia,20173,2017,5984.9
1589,South Coast,20174,2017,32398.03
1668,none,20174,2017,254.4
1657,West Midlands (East),20174,2017,417.18
1645,West Midlands,20174,2017,32004.02
1499,Non EU,20174,2017,115757.31
1522,North East,20174,2017,11386.16
1421,Central/E.Anglia,20174,2017,15467.32
1613,South East/London,20174,2017,12477.58
1601,South East,20174,2017,18132.71
1566,Scotland,20174,2017,2085.84
1577,Services,20174,2017,14742.89
1433,EU,20174,2017,29465.35
1546,North West,20174,2017,43071.3
1482,London,20174,2017,204.68
1534,North East/Yorkshire,20174,2017,7607.36
1447,EU INV,20174,2017,171.54
1625,South West,20174,2017,10031.9
1460,East Midlands,20174,2017,13518.74
1511,North,20174,2017,3297.15
1472,House Account,20174,2017,74689.28
1547,North West,20175,2017,61489.86
1602,South East,20175,2017,11624.48
1434,EU,20175,2017,40887.86
1556,Northern Ireland,20175,2017,13.5
1567,Scotland,20175,2017,4359.97
1422,Central/E.Anglia,20175,2017,6496.8099999999995
1614,South East/London,20175,2017,25275.28
1590,South Coast,20175,2017,42122.1
1578,Services,20175,2017,3362.42
1500,Non EU,20175,2017,327949.73
1454,East Anglia,20175,2017,65.45
1535,North East/Yorkshire,20175,2017,3625.9
1523,North East,20175,2017,19922.09
1448,EU INV,20175,2017,895.8
1483,London,20175,2017,1640.1
1492,Midlands,20175,2017,0.0
1461,East Midlands,20175,2017,25703.32
1473,House Account,20175,2017,73708.02
1626,South West,20175,2017,4040.42
1646,West Midlands,20175,2017,44841.51
1647,West Midlands,20176,2017,38079.61
1627,South West,20176,2017,10120.89
1474,House Account,20176,2017,78731.91
1501,Non EU,20176,2017,173615.89
1494,Midlands and West,20176,2017,26.06
1484,London,20176,2017,283.5
1637,Training,20176,2017,0.0
1512,North,20176,2017,525.6800000000001
1449,EU INV,20176,2017,4018.38
1455,East Anglia,20176,2017,298.8
1548,North West,20176,2017,73337.3
1536,North East/Yorkshire,20176,2017,18721.15
1462,East Midlands,20176,2017,17745.73
1524,North East,20176,2017,22825.55
1443,EU - OTHER  EUROPE,20176,2017,6446.0
1435,EU,20176,2017,29038.47
1423,Central/E.Anglia,20176,2017,5479.99
1568,Scotland,20176,2017,4880.79
1591,South Coast,20176,2017,31366.47
1615,South East/London,20176,2017,11793.199999999999
1658,West Midlands (East),20176,2017,328.26
1603,South East,20176,2017,13570.38
1579,Services,20176,2017,118.48
1495,Midlands and West,20177,2017,1146.6399999999999
1502,Non EU,20177,2017,134412.12
1424,Central/E.Anglia,20177,2017,4213.37
1569,Scotland,20177,2017,1442.0
1648,West Midlands,20177,2017,27664.13
1513,North,20177,2017,1830.58
1485,London,20177,2017,1172.7
1450,EU INV,20177,2017,1475.6999999999998
1463,East Midlands,20177,2017,26304.89
1436,EU,20177,2017,46983.23
1557,Northern Ireland,20177,2017,801.34
1592,South Coast,20177,2017,22332.670000000002
1659,West Midlands (East),20177,2017,237.04
1616,South East/London,20177,2017,27739.75
1604,South East,20177,2017,6376.41
1640,UK Projects,20177,2017,390.81
1638,Training,20177,2017,0.0
1580,Services,20177,2017,2154.66
1549,North West,20177,2017,96029.67
1475,House Account,20177,2017,62216.71
1525,North East,20177,2017,25323.56
1537,North East/Yorkshire,20177,2017,23644.39
1628,South West,20177,2017,5053.83
1514,North,20178,2017,0.0
1538,North East/Yorkshire,20178,2017,15343.699999999999
1660,West Midlands (East),20178,2017,312.62
1593,South Coast,20178,2017,20613.0
1581,Services,20178,2017,3079.61
1526,North East,20178,2017,13485.35
1437,EU,20178,2017,44299.14
1558,Northern Ireland,20178,2017,4366.7699999999995
1425,Central/E.Anglia,20178,2017,6927.92
1570,Scotland,20178,2017,7732.79
1550,North West,20178,2017,35742.81
1503,Non EU,20178,2017,184197.27
1464,East Midlands,20178,2017,30754.41
1451,EU INV,20178,2017,887.7
1476,House Account,20178,2017,63964.26
1629,South West,20178,2017,7047.09
1649,West Midlands,20178,2017,43832.69
1605,South East,20178,2017,16865.12
1617,South East/London,20178,2017,31181.18
1438,EU,20179,2017,35146.01
1559,Northern Ireland,20179,2017,0.0
1571,Scotland,20179,2017,2704.44
1539,North East/Yorkshire,20179,2017,25897.25
1465,East Midlands,20179,2017,18843.64
1456,East Anglia,20179,2017,150.0
1426,Central/E.Anglia,20179,2017,5526.3099999999995
1630,South West,20179,2017,11534.62
1661,West Midlands (East),20179,2017,47.4
1477,House Account,20179,2017,45763.25
1618,South East/London,20179,2017,20174.18
1582,Services,20179,2017,1837.8
1594,South Coast,20179,2017,29324.71
1606,South East,20179,2017,24412.02
1452,EU INV,20179,2017,1528.26
1551,North West,20179,2017,43208.81
1650,West Midlands,20179,2017,38587.11
1515,North,20179,2017,1179.0
1504,Non EU,20179,2017,236088.49
1486,London,20179,2017,257.1
1527,North East,20179,2017,20523.5
68,London,201110,2011,8334.32
37,East Anglia,201110,2011,11869.19
17,EU,201110,2011,31652.89
175,South West,201110,2011,13027.27
27,EU INV,201110,2011,13302.22
47,East Midlands,201110,2011,25654.65
88,North East,201110,2011,20530.02
78,Non EU,201110,2011,259903.66
7,Central/E.Anglia,201110,2011,45853.42
57,House Account,201110,2011,2166.1
135,Scotland,201110,2011,6971.59
145,Scotland Depot,201110,2011,0.0
195,West Midlands (West),201110,2011,39746.5
108,North West,201110,2011,42374.17
118,North West (South),201110,2011,1735.73
125,Northern Ireland,201110,2011,1443.77
98,North East/Yorkshire,201110,2011,3267.78
185,West Midlands (East),201110,2011,44473.58
165,South East/London,201110,2011,43006.07
155,South Coast,201110,2011,33931.53
69,London,201111,2011,6629.74
99,North East/Yorkshire,201111,2011,9369.789999999999
8,Central/E.Anglia,201111,2011,28667.6
58,House Account,201111,2011,2723.36
48,East Midlands,201111,2011,41173.020000000004
18,EU,201111,2011,24325.6
89,North East,201111,2011,19561.05
79,Non EU,201111,2011,260056.3
109,North West,201111,2011,47338.11
126,Northern Ireland,201111,2011,1818.95
28,EU INV,201111,2011,23248.69
166,South East/London,201111,2011,46812.95
156,South Coast,201111,2011,33557.7
176,South West,201111,2011,15542.62
196,West Midlands (West),201111,2011,20844.18
119,North West (South),201111,2011,2306.97
136,Scotland,201111,2011,8787.28
38,East Anglia,201111,2011,11501.13
146,Scotland Depot,201111,2011,0.0
186,West Midlands (East),201111,2011,67820.84
80,Non EU,201112,2011,109863.47
59,House Account,201112,2011,370.14
120,North West (South),201112,2011,1206.54
110,North West,201112,2011,18370.23
127,Northern Ireland,201112,2011,1364.6599999999999
137,Scotland,201112,2011,4386.75
187,West Midlands (East),201112,2011,47927.04
29,EU INV,201112,2011,3562.65
9,Central/E.Anglia,201112,2011,36395.19
19,EU,201112,2011,6977.88
70,London,201112,2011,6113.08
49,East Midlands,201112,2011,27866.52
39,East Anglia,201112,2011,9072.93
100,North East/Yorkshire,201112,2011,4237.37
157,South Coast,201112,2011,23066.4
167,South East/London,201112,2011,48135.49
177,South West,201112,2011,10740.65
147,Scotland Depot,201112,2011,0.0
90,North East,201112,2011,9998.49
197,West Midlands (West),201112,2011,14026.29
222,EU,201210,2012,37179.100000000006
342,North West (South),201210,2012,6094.12
362,Scotland,201210,2012,14476.960000000001
234,EU INV,201210,2012,12914.310000000001
306,North East,201210,2012,27187.32
246,East Anglia,201210,2012,49013.590000000004
210,Central/E.Anglia,201210,2012,21577.83
282,London,201210,2012,1942.06
294,Non EU,201210,2012,238323.56
318,North East/Yorkshire,201210,2012,10748.32
330,North West,201210,2012,37329.56
258,East Midlands,201210,2012,56381.6
270,House Account,201210,2012,1034.5
431,West Midlands (West),201210,2012,15605.59
395,South East/London,201210,2012,69714.58
407,South West,201210,2012,35181.68
383,South Coast,201210,2012,42535.68
372,Scotland Depot,201210,2012,0.0
419,West Midlands (East),201210,2012,59065.8
350,Northern Ireland,201210,2012,133.79
319,North East/Yorkshire,201211,2012,14046.539999999999
283,London,201211,2012,196.2
343,North West (South),201211,2012,467.22
351,Northern Ireland,201211,2012,36.25
307,North East,201211,2012,43363.79
247,East Anglia,201211,2012,34608.25
271,House Account,201211,2012,3541.58
259,East Midlands,201211,2012,32645.83
295,Non EU,201211,2012,239600.54
331,North West,201211,2012,42624.77
235,EU INV,201211,2012,8875.43
223,EU,201211,2012,20179.98
408,South West,201211,2012,29968.72
396,South East/London,201211,2012,44388.64
384,South Coast,201211,2012,43046.28
440,none,201211,2012,1029.6100000000001
363,Scotland,201211,2012,8282.21
211,Central/E.Anglia,201211,2012,36306.2
420,West Midlands (East),201211,2012,64240.01
432,West Midlands (West),201211,2012,22529.91
364,Scotland,201212,2012,2192.93
373,Scotland Depot,201212,2012,0.0
409,South West,201212,2012,22359.77
397,South East/London,201212,2012,26697.3
433,West Midlands (West),201212,2012,11140.08
421,West Midlands (East),201212,2012,21782.95
320,North East/Yorkshire,201212,2012,3437.31
385,South Coast,201212,2012,27057.74
212,Central/E.Anglia,201212,2012,13111.09
272,House Account,201212,2012,3791.67
248,East Anglia,201212,2012,22456.02
260,East Midlands,201212,2012,26468.28
352,Northern Ireland,201212,2012,750.19
332,North West,201212,2012,41921.590000000004
224,EU,201212,2012,9246.0
308,North East,201212,2012,10407.75
284,London,201212,2012,0.0
296,Non EU,201212,2012,288813.9
236,EU INV,201212,2012,435.05
537,Non EU,201310,2013,439496.83999999997
628,South East/London,201310,2013,34810.44
616,South Coast,201310,2013,37220.270000000004
664,West Midlands (West),201310,2013,33246.18
561,North East/Yorkshire,201310,2013,8681.35
515,House Account,201310,2013,0.0
491,East Anglia,201310,2013,45423.56
503,East Midlands,201310,2013,22453.9
479,EU INV,201310,2013,3940.59
450,Central/E.Anglia,201310,2013,19971.44
549,North East,201310,2013,26268.53
462,EU,201310,2013,46086.95
600,Scotland,201310,2013,6740.59
573,North West,201310,2013,70901.39
640,South West,201310,2013,23069.28
652,West Midlands (East),201310,2013,14643.47
582,North West (South),201310,2013,104.35
451,Central/E.Anglia,201311,2013,19835.36
504,East Midlands,201311,2013,29024.100000000002
526,London,201311,2013,215.07999999999998
516,House Account,201311,2013,0.0
492,East Anglia,201311,2013,33514.35
480,EU INV,201311,2013,4227.49
469,EU - OTHER  EUROPE,201311,2013,1414.9
463,EU,201311,2013,50139.17
574,North West,201311,2013,28148.4
583,North West (South),201311,2013,584.4300000000001
601,Scotland,201311,2013,13059.59
590,Northern Ireland,201311,2013,1976.98
617,South Coast,201311,2013,32553.03
562,North East/Yorkshire,201311,2013,12890.19
550,North East,201311,2013,26871.69
538,Non EU,201311,2013,270695.31
653,West Midlands (East),201311,2013,45659.0
665,West Midlands (West),201311,2013,16083.5
629,South East/London,201311,2013,21847.51
641,South West,201311,2013,40823.93
539,Non EU,201312,2013,241544.24
575,North West,201312,2013,23617.39
551,North East,201312,2013,15956.74
563,North East/Yorkshire,201312,2013,7465.14
464,EU,201312,2013,10814.59
527,London,201312,2013,371.88
481,EU INV,201312,2013,104.0
452,Central/E.Anglia,201312,2013,68654.79000000001
517,House Account,201312,2013,0.0
493,East Anglia,201312,2013,38148.33
505,East Midlands,201312,2013,19130.85
630,South East/London,201312,2013,9214.96
666,West Midlands (West),201312,2013,9917.22
602,Scotland,201312,2013,5200.0199999999995
618,South Coast,201312,2013,24496.85
642,South West,201312,2013,8519.68
654,West Midlands (East),201312,2013,9754.99
679,Central/E.Anglia,201410,2014,18323.53
691,EU,201410,2014,27927.45
699,EU - OTHER  EUROPE,201410,2014,2829.8
719,East Anglia,201410,2014,37.980000000000004
709,EU INV,201410,2014,1437.38
783,Non EU,201410,2014,350283.13
764,Midlands,201410,2014,59092.21
771,Midlands (South West),201410,2014,31948.52
755,London,201410,2014,0.0
743,House Account,201410,2014,1028.2
886,South West,201410,2014,16543.53
853,South Coast,201410,2014,44280.35
862,South East,201410,2014,30208.79
874,South East/London,201410,2014,75546.66
795,North East,201410,2014,31962.3
841,Scotland,201410,2014,5462.88
829,Northern Ireland,201410,2014,1725.2
819,North West,201410,2014,54778.94
807,North East/Yorkshire,201410,2014,7858.1
902,West Midlands (East),201410,2014,681.26
914,West Midlands (West),201410,2014,652.32
731,East Midlands,201410,2014,88.0
692,EU,201411,2014,38566.42
710,EU INV,201411,2014,2070.06
680,Central/E.Anglia,201411,2014,9102.22
756,London,201411,2014,2711.59
720,East Anglia,201411,2014,942.82
732,East Midlands,201411,2014,97.92
744,House Account,201411,2014,667.5
765,Midlands,201411,2014,36087.84
820,North West,201411,2014,58882.23
875,South East/London,201411,2014,59800.63
863,South East,201411,2014,20411.57
772,Midlands (South West),201411,2014,17050.71
784,Non EU,201411,2014,325395.17
808,North East/Yorkshire,201411,2014,11676.47
830,Northern Ireland,201411,2014,526.48
842,Scotland,201411,2014,9558.92
915,West Midlands (West),201411,2014,937.86
796,North East,201411,2014,16719.03
903,West Midlands (East),201411,2014,258.95
887,South West,201411,2014,10256.57
854,South Coast,201411,2014,34430.92
745,House Account,201412,2014,0.0
721,East Anglia,201412,2014,448.2
766,Midlands,201412,2014,40543.67
733,East Midlands,201412,2014,106.94
773,Midlands (South West),201412,2014,11326.46
785,Non EU,201412,2014,364419.24
809,North East/Yorkshire,201412,2014,3833.1
821,North West,201412,2014,57298.55
916,West Midlands (West),201412,2014,441.82000000000005
904,West Midlands (East),201412,2014,1255.99
757,London,201412,2014,228.82
843,Scotland,201412,2014,7381.87
831,Northern Ireland,201412,2014,127.8
797,North East,201412,2014,20158.14
876,South East/London,201412,2014,10849.76
888,South West,201412,2014,6674.12
681,Central/E.Anglia,201412,2014,16294.81
855,South Coast,201412,2014,30649.57
693,EU,201412,2014,7920.12
711,EU INV,201412,2014,2465.88
864,South East,201412,2014,19376.52
1086,Northern Ireland,201510,2015,81.38
1117,South East,201510,2015,56.5
1139,South West,201510,2015,6890.96
1078,North West,201510,2015,25096.38
1012,Midlands and East,201510,2015,30059.95
1021,Midlands and West,201510,2015,43116.72
988,London,201510,2015,545.9200000000001
1153,West Midlands (East),201510,2015,106.58
1127,South East/London,201510,2015,26270.87
1109,South Coast,201510,2015,36638.31
1097,Scotland,201510,2015,5982.7
926,Central/E.Anglia,201510,2015,9136.34
977,House Account,201510,2015,105028.98
1066,North East/Yorkshire,201510,2015,16363.8
1164,West Midlands (West),201510,2015,25.42
959,East Anglia,201510,2015,604.8
938,EU,201510,2015,29536.14
954,EU INV,201510,2015,6265.46
1054,North East,201510,2015,10040.37
966,East Midlands,201510,2015,1461.6
1042,North,201510,2015,93394.59
1033,Non EU,201510,2015,276034.92
1000,Midlands,201510,2015,1881.78
1055,North East,201511,2015,2055.0
967,East Midlands,201511,2015,13.5
943,EU - OTHER  EUROPE,201511,2015,4380.0
1165,West Midlands (West),201511,2015,322.95
978,House Account,201511,2015,114615.5
939,EU,201511,2015,25398.219999999998
955,EU INV,201511,2015,1609.25
989,London,201511,2015,6383.49
1022,Midlands and West,201511,2015,37856.93
1034,Non EU,201511,2015,226249.81
1043,North,201511,2015,75209.02
1013,Midlands and East,201511,2015,32328.74
1079,North West,201511,2015,56585.23
1140,South West,201511,2015,13693.78
1128,South East/London,201511,2015,14215.53
1098,Scotland,201511,2015,5454.8
927,Central/E.Anglia,201511,2015,20497.04
1110,South Coast,201511,2015,36297.78
1087,Northern Ireland,201511,2015,119.71
1154,West Midlands (East),201511,2015,217.18
1067,North East/Yorkshire,201511,2015,22869.11
1099,Scotland,201512,2015,4014.14
928,Central/E.Anglia,201512,2015,5242.099999999999
1111,South Coast,201512,2015,21585.75
1143,West Midlands,201512,2015,960.62
1141,South West,201512,2015,2471.12
1129,South East/London,201512,2015,19382.04
1155,West Midlands (East),201512,2015,158.49
1014,Midlands and East,201512,2015,23381.72
1044,North,201512,2015,39050.09
1035,Non EU,201512,2015,137666.36
1023,Midlands and West,201512,2015,27686.81
990,London,201512,2015,3984.7599999999998
1001,Midlands,201512,2015,12653.71
944,EU - OTHER  EUROPE,201512,2015,816.35
1080,North West,201512,2015,83547.76
1166,West Midlands (West),201512,2015,363.18
956,EU INV,201512,2015,1249.62
940,EU,201512,2015,7630.29
1068,North East/Yorkshire,201512,2015,6473.74
979,House Account,201512,2015,64976.52
1056,North East,201512,2015,4555.25
1188,EU,201610,2016,22585.12
1176,Central/E.Anglia,201610,2016,8229.11
1252,Midlands and East,201610,2016,29535.59
1346,Scotland,201610,2016,7912.47
1288,North,201610,2016,50375.45
1324,North West,201610,2016,24457.31
1276,Non EU,201610,2016,251600.23
1375,South East/London,201610,2016,80463.69
1415,West Midlands (West),201610,2016,46.48
1408,West Midlands (East),201610,2016,1727.48
1202,EU INV,201610,2016,598.13
1264,Midlands and West,201610,2016,33578.36
1222,House Account,201610,2016,66544.18
1387,South West,201610,2016,17410.01
1233,London,201610,2016,0.0
1417,none,201610,2016,43.58
1300,North East,201610,2016,423.69
1312,North East/Yorkshire,201610,2016,20562.32
1335,Northern Ireland,201610,2016,39.93
1360,South Coast,201610,2016,39658.36
1325,North West,201611,2016,51542.049999999996
1347,Scotland,201611,2016,3544.48
1313,North East/Yorkshire,201611,2016,23146.64
1289,North,201611,2016,34448.47
1376,South East/London,201611,2016,18495.38
1301,North East,201611,2016,2580.64
1361,South Coast,201611,2016,30336.36
1349,Services,201611,2016,552.5
1364,South East,201611,2016,113.96
1336,Northern Ireland,201611,2016,198.55
1253,Midlands and East,201611,2016,21590.62
1189,EU,201611,2016,25915.85
1223,House Account,201611,2016,61318.01
1177,Central/E.Anglia,201611,2016,5209.8
1397,West Midlands,201611,2016,3493.31
1211,East Midlands,201611,2016,2055.68
1388,South West,201611,2016,11801.35
1265,Midlands and West,201611,2016,26097.32
1393,UK Projects,201611,2016,167.19
1277,Non EU,201611,2016,210074.29
1234,London,201611,2016,859.62
1389,South West,201612,2016,7336.219999999999
1266,Midlands and West,201612,2016,1269.98
1242,Midlands,201612,2016,9576.44
1254,Midlands and East,201612,2016,997.22
1365,South East,201612,2016,23133.59
1398,West Midlands,201612,2016,21272.46
1278,Non EU,201612,2016,179064.51
1377,South East/London,201612,2016,10289.54
1290,North,201612,2016,921.95
1302,North East,201612,2016,9968.0
1314,North East/Yorkshire,201612,2016,7657.44
1348,Scotland,201612,2016,1765.59
1409,West Midlands (East),201612,2016,308.82
1224,House Account,201612,2016,72501.08
1416,West Midlands (West),201612,2016,2775.5099999999998
1212,East Midlands,201612,2016,9873.86
1326,North West,201612,2016,44450.58
1192,EU - OTHER  EUROPE,201612,2016,9157.0
1190,EU,201612,2016,25844.559999999998
1203,EU INV,201612,2016,2924.09
1178,Central/E.Anglia,201612,2016,4236.53
1362,South Coast,201612,2016,28303.61
1350,Services,201612,2016,12.639999999999999
1662,West Midlands (East),201710,2017,1247.99
1651,West Midlands,201710,2017,50723.37
1560,Northern Ireland,201710,2017,9009.140000000001
1572,Scotland,201710,2017,3190.22
1552,North West,201710,2017,33387.3
1583,Services,201710,2017,167.95
1528,North East,201710,2017,13887.61
1540,North East/Yorkshire,201710,2017,1960.54
1516,North,201710,2017,760.2
1505,Non EU,201710,2017,319848.52
1607,South East,201710,2017,14414.97
1439,EU,201710,2017,13462.83
1466,East Midlands,201710,2017,30908.59
1595,South Coast,201710,2017,39791.5
1478,House Account,201710,2017,43889.52
1487,London,201710,2017,16.8
1631,South West,201710,2017,7959.0
1619,South East/London,201710,2017,27324.47
1427,Central/E.Anglia,201710,2017,6515.46
1584,Services,201711,2017,95.03
1608,South East,201711,2017,18260.18
1620,South East/London,201711,2017,14697.31
1467,East Midlands,201711,2017,67266.28
1529,North East,201711,2017,19374.63
1488,London,201711,2017,362.59999999999997
1517,North,201711,2017,35.0
1506,Non EU,201711,2017,204205.31
1561,Northern Ireland,201711,2017,0.0
1553,North West,201711,2017,95140.02
1541,North East/Yorkshire,201711,2017,26627.510000000002
1663,West Midlands (East),201711,2017,166.24
1652,West Midlands,201711,2017,47154.96
1667,West Midlands (West),201711,2017,148.9
1639,Training,201711,2017,0.0
1428,Central/E.Anglia,201711,2017,8001.02
1632,South West,201711,2017,9573.119999999999
1440,EU,201711,2017,24572.11
1573,Scotland,201711,2017,11986.35
1596,South Coast,201711,2017,31174.18
1479,House Account,201711,2017,53412.73
1574,Scotland,201712,2017,4654.5599999999995
1641,UK Projects,201712,2017,6374.360000000001
1653,West Midlands,201712,2017,23972.99
1621,South East/London,201712,2017,12316.119999999999
1530,North East,201712,2017,12204.6
1542,North East/Yorkshire,201712,2017,3215.49
1562,Northern Ireland,201712,2017,371.7
1554,North West,201712,2017,35850.86
1489,London,201712,2017,8986.6
1507,Non EU,201712,2017,227574.02
1518,North,201712,2017,493.21999999999997
1585,Services,201712,2017,141.54
1480,House Account,201712,2017,30117.76
1597,South Coast,201712,2017,37873.9
1468,East Midlands,201712,2017,12826.06
1429,Central/E.Anglia,201712,2017,5914.1
1453,EU INV,201712,2017,2747.45
1441,EU,201712,2017,27619.14
1609,South East,201712,2017,8465.35
1633,South West,201712,2017,8935.62
1664,West Midlands (East),201712,2017,142.36
